id,rmse,psnr,compression_rate
0,0.002226583322567784,149.37668703898674,0.09659566375047547
0,0.0,inf,0.45547736782046405
1,0.003765745904480046,144.81244582650962,0.09605660726398224
1,0.0,inf,0.45696388563441653
2,0.0034412613820903686,145.59511285835106,0.09854680075146426
2,0.0,inf,0.4874295502265444
3,0.00418290509645616,143.89990585064416,0.09733107829387014
3,0.0,inf,0.4712894975662074
4,0.0047149108612785946,142.85999634516688,0.09713484364830942
4,0.0,inf,0.4852403384262559
